{
  "project_info": {
    "project_number": "1056791469540",
    "project_id": "quoranley",
    "storage_bucket": "quoranley.appspot.com"
  },
  "client": [
    {
      "client_info": {
        "mobilesdk_app_id": "1:1056791469540:android:c726742302321786f03bf1",
        "android_client_info": {
          "package_name": "com.example.quoranley"
        }
      },
      "oauth_client": [
        {
          "client_id": "1056791469540-f7ieeqt5r70a2avdtqt01ov1sgu743an.apps.googleusercontent.com",
          "client_type": 1,
          "android_info": {
            "package_name": "com.example.quoranley",
            "certificate_hash": "904f09cc24b0c7e7d7d328964d5d9039a62ade6e"
          }
        },
        {
          "client_id": "1056791469540-356r19k0t2ocmop8u8fupheg9bh3gri3.apps.googleusercontent.com",
          "client_type": 3
        }
      ],
      "api_key": [
        {
          "current_key": "AIzaSyAHe7OzYJV24E7OXwwl7sgkiGCMhSfkBdw"
        }
      ],
      "services": {
        "appinvite_service": {
          "other_platform_oauth_client": [
            {
              "client_id": "1056791469540-356r19k0t2ocmop8u8fupheg9bh3gri3.apps.googleusercontent.com",
              "client_type": 3
            }
          ]
        }
      }
    }
  ],
  "configuration_version": "1"
}